<?xml version='1.0' encoding='UTF-8' standalone='yes' ?>
<PROJECT IID="5" BUILDPATH="C:/Users/ALIYUR~1/AppData/Local/Temp/8081d2e72f9f467085e1c2f2ef88189f/8086_" VERSION="805" NAME="8086_" CONFIGURATION="Debug">
 <FILES ATTACH="1">
  <FILE ATTACH="1" GROUP="Source Files" NAME="8086_/main.asm"/>
  <FILE ATTACH="1" GROUP="Firmware Files" NAME="8086_/Debug/Debug.exe" FIRMWARE="1"/>
 </FILES>
 <CONFIGURATION CRC="10b8876b65e3d811ecddd0dc48992726" TARGET="Debug" COMPILER="MASM32" NAME="Debug">
  <CONTROLLER FAMILY="8086" TYPE="8086"/>
  <FILE TOOL="LD" NAME="8086_/Debug/Debug.exe">
   <FILE TOOL="ASM" NAME="8086_/Debug/main.obj">
    <FILE NAME="8086_/main.asm"/>
   </FILE>
  </FILE>
  <OPTION DEFAULT="1" TOOL="LD" NAME="/CODEVIEW"/>
  <OPTION DEFAULT="1" TOOL="ASM" NAME="/c"/>
  <OPTION DEFAULT="1" TOOL="ASM" NAME="/Zd"/>
  <OPTION DEFAULT="1" TOOL="ASM" NAME="/Zi"/>
 </CONFIGURATION>
 <CONFIGURATION CRC="10b8876b65e3d811ecddd0dc48992726" TARGET="Release" COMPILER="MASM32" NAME="Release">
  <CONTROLLER FAMILY="8086" TYPE="8086"/>
  <FILE TOOL="LD">
   <FILE TOOL="ASM">
    <FILE NAME="8086_/main.asm"/>
   </FILE>
  </FILE>
  <OPTION DEFAULT="1" TOOL="LD" NAME="/CODEVIEW"/>
  <OPTION DEFAULT="1" TOOL="ASM" NAME="/c"/>
  <OPTION DEFAULT="1" TOOL="ASM" NAME="/Zd"/>
  <OPTION DEFAULT="1" TOOL="ASM" NAME="/Zi"/>
 </CONFIGURATION>
</PROJECT>
